customer_id,tenant_name,removed_match
c0000181,"CF17 Management, LLC","WeldFit Management Holdings, LLC"
c0000215,Cryovation LLC,Motorvation LLC
c0000726,Turbo Systems US Inc.,"Beard Integrated Systems, Inc."
c0000367,"Insight North America, Inc.","ACTEGA North America, Inc.(Guarantor & partent ACTEGA Gmbh, overall part of Altana AG)"
c0000147,"Blendco Systems, LLC","Momentum Exterior Systems, LLC - sub of HITT"
c0000209,"Corporate Facility Services USA, LLC","Precision Facility Group, LLC / Precision Commercial Services, LLC (jointly PG)"
c0000586,"RD Foods America, Inc.",RD Foods Americas Inc. (wholly-owned sub of RD Corporation)
c0000142,Biogen Laboratory Corporation,Chemed Corporation
c0000746,VIE DE France Yamazaki Inc,"Vie De France Yamazaki, Inc. (Wholly-owned subsidiary of Yamazaki Baking Company, Ltd)"
c0000632,"Sigma Global, Inc.","Global Packaging, Inc."
c0000645,"South State, Inc.","Seal South, Inc."
c0000095,American HVAC Inc,"American Musical Supply, Inc. (AMS)"
c0000330,Greif Packaging LLC,"GC Packaging, LLC (GCP) - acquired by Fanatics Holdings"
c0000418,L&W Supply Corporation,ABC Supply Holding Corporation
c0000622,Setzer's and Co. Inc.,"SABBOW AND CO., INC."
c0000531,Overhead Door Corporation,Chemed Corporation
c0000522,OEM Accessories  Incorporated,Corning Incorporated
c0001036,"Genband Industries, LLC","945 Industries, LLC"
c0001076,"Atlantic Tape Company, Inc.","Currey & Company, Inc."
c0001069,"Quench USA, Inc.","Quench USA, Inc (sub of Culligan, owned by BDT Capital)"
c0001075,"Florida DeliCo, LLC","Florida Food Products, LLC"
c0000759,"Xcision Medical Systems, LLC","Viscot Medical, LLC"
c0000531,Overhead Door Corporation,Chemed Corporation
c0000899,CORMED USA INC.,"Core & Main, Inc."
c0000951,"Laker Partners, LLC","Proven Partners Group, LLC (PPG)"
c0000958,"B & D Industrial, Inc.","Mitchell Industrial Tire Co., Inc. (MITCO)"
c0000988,Kee Pest Control Inc.,"Control Works, Inc."
c0000997,Shearer Supply Inc.,"American Musical Supply, Inc. (AMS)"
c0001073,"Diagnostic Support Services, Inc.","Triangle Services, Inc."
c0001073,"Diagnostic Support Services, Inc.","Triangle Services, Inc."
c0000945,"NYSE GROUP, INC.","Clean Solutions Group, Inc. (CSG)"
c0001078,"SHLA Group, Inc.","Clean Solutions Group, Inc. (CSG)"
c0001072,Digi America Inc.,"DIGI America, Inc. (wholly-owned sub of Teraoka Seiko Co., LTD)"
c0001077,"Pro-Cam Georgia, Inc.","Delta Landscape Supply Of Georgia, Inc."
c0001070,Harimatec Inc.,"Harimatec, Inc (wholly-owned sub of Harima Chemicals Group, Inc - TYO: 4410)"
