customer hmy,parent customer hmy,customer code,customer name
421,null,c0000001,HOBBY LOBBY
25731,null,c0000002,Shaw Stainless LLC
25732,null,c0000003,APCO Graphics Inc
26193,null,c0000004,"11 Below Brewing Company, LP"
26194,null,c0000005,1800NOFAULT LLC
26195,null,c0000006,4 US & Company LLC
26196,null,c0000007,4D Marketing and Business Solutions Firm Corp.
26197,null,c0000008,"4-Star Air, Hydraulics, Industrial Hose & Supply, Inc."
26198,null,c0000009,"901 Cash Express, LLC"
26199,null,c0000010,911 Safety Equipment LLC
26200,26201,c0000011,American Builders & Contractor Supply Co. TN
26201,null,c0000012,American Builders & Contractor Supply Co.(ABC) [Parent]
26202,26201,c0000013,American Builders & Contractor Supply Co. OH
26203,26201,c0000014,American Builders & Contractor Supply Co. NJ
26204,null,c0000015,Caliber Bodyworks [Parent]
26205,26204,c0000016,Caliber Bodyworks of GA Inc
26321,26204,c0000017,Caliber Bodyworks of Pennsylvania Inc
26322,null,c0000018,"D.C Foam Recycle Center, Inc.[Parent]"
26323,26322,c0000019,"D.C Foam Recycle Center, Inc. IL"
26324,26322,c0000020,"D.C Foam Recycle Center, Inc. GA"
26325,null,c0000021,Faropoint LLC [Parent]
26326,26325,c0000022,"Faropoint Ventures, LLC TN"
26327,26325,c0000023,"Faropoint Ventures, LLC NJ"
26328,null,c0000024,FedEx -Federal Express Corp. [Parent]
26329,26328,c0000025,Federal Express Corp TN
26330,26328,c0000026,FedEx -Federal Express Corp.
26331,null,c0000027,"A&R Logistics, Inc"
26332,null,c0000028,AWG Acquisition LLC
26333,null,c0000029,Bakkavor Foods USA Inc.
26334,null,c0000030,Construction Resources Company LLC
26876,null,c0000031,"BBA Project, Inc"
26877,null,c0000032,Bel-Shore Enterprises
26878,null,c0000033,"BPI Packaging, LLC"
26879,null,c0000034,Camp Jellystone LLC
26880,null,c0000035,"Del-Val Food Ingredients, Inc."
26881,null,c0000036,"Displays, LLC"
26882,null,c0000037,"Fasteners For Retail, Inc."
26883,null,c0000038,"Ferguson Enterprises, LLC"
26884,null,c0000039,Foundation Building Materials LLC
26885,null,c0000040,Gainwell Technologies
26886,null,c0000041,General Chemical and Supply
26887,null,c0000042,"Goggin Warehousing, LLC"
26888,null,c0000043,"Granite Packaging, LLC"
26889,null,c0000044,"Hit Promo, LLC"
26890,null,c0000045,"New Cingular Wireless PCS, LLC"
26891,null,c0000046,Nidia Valadez and Alejandro Contreras
26892,null,c0000047,Northeast Building Products Corp.
26893,null,c0000048,"Valley Distribution & Logistics, LLC"
26894,null,c0000049,Trussway LTD
26895,null,c0000050,"Sky House Distribution, Inc."
26896,60268,c0000051,SRS Distribution Inc.
26897,null,c0000052,Stewart Business Systems
26898,null,c0000053,Terrazzo & Marble Supply Company of IL
26899,null,c0000054,"The Rock Athletics, LLC"
26900,null,c0000055,"Travel Plus International, LLC"
26901,null,c0000056,"True World Foods Columbus, LLC"
26902,null,c0000057,Nurotoco of NJ
26903,null,c0000058,Orkin
26904,null,c0000059,Quick & Box Group Inc.
26905,null,c0000060,Randall Ventures LLC
26915,null,c0000061,RPI Industries Inc.
26916,null,c0000062,"Savita Naturals, LTD"
26917,null,c0000063,A. Messe & Sons Corp.
26918,null,c0000064,A1 Nurse Care LLC
26919,null,c0000065,AA Store Fixtures
26920,null,c0000066,Aakash Chemicals
26925,null,c0000067,Accendi Group Holdings LLC
26926,null,c0000068,"Acme Industries, Inc."
26927,null,c0000069,Acousti Engineering Company of Florida
26928,null,c0000070,Active Roofing LLC
26929,null,c0000071,"Acuren Inspection, Inc"
26930,null,c0000072,ADT Commercial LLC
26931,null,c0000073,"Advantage Steel Services, Inc."
26932,null,c0000074,"Aero Assets, LLC"
26933,null,c0000075,AFS World Truck Repair LP
26934,null,c0000076,Alan Katzen and Joel Banes
26935,null,c0000077,"AlarMax Distributor, Inc."
26936,null,c0000078,Alex's Implementation Company
26937,null,c0000079,All About Furniture LLC
26938,null,c0000080,"All Pro Seamless, Inc."
26939,null,c0000081,All States AG Parts LLC
26940,null,c0000082,All Tech Heating & Cooling Co
26941,null,c0000083,"All Texas Lighting, LLC"
26942,null,c0000084,"ALL, LLC"
26943,null,c0000085,"Almeco USA, Inc."
26944,null,c0000086,"Aloha Builders, LLC"
26945,null,c0000087,Alpha Trading LLC
26946,72582,c0000088,"Amazon.com Services, Inc. TN"
26947,null,c0000089,"AMC Fire Protection, Inc"
26948,null,c0000090,Amerex Corporation
26949,null,c0000091,American Center for Law & Justice
26950,null,c0000092,American Conference of Governmental Industrial Hygienists
26951,null,c0000093,American Expediting Company
26952,null,c0000094,American Financial Network Inc.
26953,null,c0000095,American HVAC Inc
26954,null,c0000096,"American Technology Trading Co, LLC"
26955,null,c0000097,"Americraft Carton, Inc."
26956,null,c0000098,AMP Medical Management LLC
26957,null,c0000099,"Amp Power Systems, LLC"
26958,null,c0000100,"Amphenol EEC, Inc."
26959,null,c0000101,"Amundsen Commercial Kitchens, Inc."
26960,null,c0000102,JDS Investments (Andre Thompson)
26961,null,c0000103,"Andrews Paperboard, Inc."
26962,null,c0000104,"Angel's Linen & Dry Cleaning Service, Inc"
26963,null,c0000105,AOSOM LLC
26964,null,c0000106,"Apex Circuits, inc."
26965,null,c0000107,"Apogee Interactive, Inc"
26966,null,c0000108,Applied Paper Technology Inc
26967,null,c0000109,"Ark Systems, Inc."
26968,null,c0000110,"Arkive Information Management, LLC"
26969,null,c0000111,"Aruvil International, Inc."
26970,null,c0000112,Atlanta Hotel & Restaurant Supply LLC
26971,null,c0000113,Atlanta Roller Derby Inc
26972,null,c0000114,Atlantic Chemical and Equipment Company
26973,null,c0000115,Audio Electronic Distributors Inc
26974,null,c0000116,"Avan Material, Inc."
26975,null,c0000117,"Averr Aglow, LLC"
26976,null,c0000118,AWP Inc
26977,null,c0000119,Axatronics LLC
26978,null,c0000120,"Axess Barlas Investment, LLC"
26979,null,c0000121,"AZELIS AMERICAS CASE, LLC"
26982,null,c0000122,"B&T Rentals, Inc"
26983,null,c0000123,"B/E Aerospace, Inc"
26984,null,c0000124,"Baker Triangle Prefab, LTD"
26985,null,c0000125,Baldwin and Shell Construction Company
26986,null,c0000126,Ballet Memphis
26987,null,c0000127,"Bapmic Auto Parts, Inc."
26988,null,c0000128,Bargain Junction
26989,null,c0000129,"Barrett Turner & Engel, LLP"
26990,null,c0000130,"Batesville Logistics, Inc."
26991,null,c0000131,BBF Global Logistics LLC
26992,null,c0000132,BBS Enterprises Inc
26993,null,c0000133,"Beacon Sales Acquisition, Inc."
26994,null,c0000134,Bear Staffing Services
26995,null,c0000135,Belles Secrets
26996,null,c0000136,Bengal Converting Services
26997,null,c0000137,"Berry Global, Inc."
26998,null,c0000138,"Bestwork Industries for the Blind, Inc."
26999,null,c0000139,"Kova International, Inc. [Parent]"
27000,26999,c0000140,"Biochemical Diagnostics, Inc."
27001,null,c0000141,Sirrus Chemistry (Former: Bioformix Inc)
27002,null,c0000142,Biogen Laboratory Corporation
27003,null,c0000143,"BK Industrial Solutions, LLC"
27004,null,c0000144,BKON LLC
27005,null,c0000145,"Black Ink, Inc."
27006,null,c0000146,"DuBois Chemicals,Inc [Parent]"
27007,27006,c0000147,"Blendco Systems, LLC"
27008,null,c0000148,Blue Global Trading GA Inc
27009,null,c0000149,"BMH Supply, LLC"
27010,null,c0000150,"Board of County Commissioners of Clermont County, Ohio"
27011,null,c0000151,Boston Battery Wholesale LLC
27012,null,c0000152,Brazil USA Imports Corp
27013,null,c0000153,BRE Properties
27014,null,c0000154,"Lynn & Associates, P.L.L.C (Brian Lynn)"
27015,null,c0000155,"Bridgestone Hosepower, LLC"
27016,null,c0000156,Brooklyn Bridge Restaurant
27017,null,c0000157,Law Office of Bruce A. Ralston
27018,null,c0000158,Moore Air Co.
27019,null,c0000159,Bunting Magnetics Company
27020,null,c0000160,BY Transportation
27021,null,c0000161,"C&J Contractors, LLC"
27022,27023,c0000162,Crossfit Pulse South ATL
27023,null,c0000163,C&M Erwin Enterprises LLC [Parent]
27024,null,c0000164,Cablevision of Oakland
27025,null,c0000165,"CAF USA, Inc"
27026,null,c0000166,California Cycleworks Inc
28051,null,c0000167,Caravan Packaging Corportation
28052,null,c0000168,Carboline Company
28053,null,c0000169,"Caricom Freight Consolidators, Inc."
28054,null,c0000170,Carla Wingfield dba Cheer
28055,null,c0000171,"Carolyn B. Glover CPA, PLC"
28056,null,c0000172,Carty & Company Inc.
28057,null,c0000173,"Caruso Trucking, LLC"
28058,null,c0000174,"Casey's Coffee, Inc."
28059,null,c0000175,CC Image Group Inc
28060,null,c0000176,"CCJ, LLC"
28061,null,c0000177,"CCL Label, INC."
28062,null,c0000178,Centerpoint Marketing Inc.
28063,null,c0000179,Central Garden and Pet Company
28064,null,c0000180,Centurion Service Group LLC
28065,null,c0000181,"CF17 Management, LLC"
28066,null,c0000182,CFC Solar Inc
28067,null,c0000183,Charles West
28068,null,c0000184,"Chase Industries, Inc"
28084,null,c0000185,Chic Shabby LLC
28085,null,c0000186,Chris Cornaghie and Erica Gatewood
28086,null,c0000187,"Cimquest, Inc."
28087,null,c0000188,Cintas Corporation
28088,null,c0000189,"CJI Piping and Fabrication, LLC"
28089,null,c0000190,"California Clean Energy, Inc."
28090,47834,c0000191,Clear Channel TX
28091,null,c0000192,"Clear Mountain Refreshment Service, LLC"
28092,null,c0000193,"Clingan Steel, Inc."
28093,null,c0000194,"Clique Here, LLC"
28094,null,c0000195,"Clothes Less Traveled Thrift Shop, Inc."
28096,null,c0000196,"CMS Wireless, LLC"
28097,null,c0000197,CNLK Enterprises LLC
28098,null,c0000198,"Coldwell Banker Collins-Maury, Inc."
28099,null,c0000199,Combocap Inc.
28111,null,c0000200,Comcast
28112,null,c0000201,"Commando Pressure Control, Inc."
28113,null,c0000202,"Commercial Express, Inc."
28114,null,c0000203,Commercial Radiator Repairs LLC
28115,null,c0000204,"Compound Sportswear, Inc."
28116,null,c0000205,"Consolidated Electrical Distributors, Inc."
28117,null,c0000206,"Content Critical Solutions, Inc."
28118,null,c0000207,"Converse Technical Coatings, LLC"
28119,null,c0000208,"Cordyne, Inc"
28120,null,c0000209,"Corporate Facility Services USA, LLC"
28121,null,c0000210,"Corporate Suites Network, LLC"
28122,null,c0000211,"Cost-OS, LLC"
28123,null,c0000212,CP Retail LLC
28124,null,c0000213,CrossCountry Mortgage LLC
28125,null,c0000214,Crown Packaging Corporation
28126,null,c0000215,Cryovation LLC
28127,null,c0000216,"CS 9100, INC."
28148,null,c0000217,"CSAS, LLC [Two Men and a Truck of Henry County]"
28149,null,c0000218,"CSM Tube USA, Inc."
28150,null,c0000219,CTL Global Inc.
28151,null,c0000220,"Custom Cable Service, Inc"
28152,null,c0000221,Custom Take Out International
28153,null,c0000222,CV Hardware LLC
28154,null,c0000223,D.R. Steel Inc
28155,null,c0000224,"Dan S. Eason, DDS"
28156,null,c0000225,"Daring Design, LLC"
28157,null,c0000226,David Hicks
28158,null,c0000227,"DealerTrack Digital Services, Inc."
28159,36934,c0000228,Dematic Corp. LLC
28160,null,c0000229,Derr Floor Company
28161,null,c0000230,"Detail Distribution, Inc."
28162,null,c0000231,"DFW Movers & Erectors, Inc"
28163,null,c0000232,"DGI - Menard, Inc."
28164,null,c0000233,"Direct Metals, LLC"
28165,null,c0000234,"Distribution International Southwest, Inc."
28166,null,c0000235,Diversified Industries Inc.
28167,null,c0000236,DOLL America Inc.
28168,null,c0000237,BLANK2
28169,null,c0000238,Douglas & Greer
28170,null,c0000239,Doxicom Global of TN LLC
28171,null,c0000240,Duke Towing
28172,null,c0000241,Duncan Williams Asset Management LLC
28173,null,c0000242,"DuPage Lighting Service & Repair, Inc."
28174,null,c0000243,DX Electric Company
28175,null,c0000244,"Dynamic Rubber, Inc."
28176,null,c0000245,"EA Engineering, Science, and Technology, Inc."
28177,null,c0000246,Eagle Innovations
28178,null,c0000247,Eagle West
28179,null,c0000248,Earl Gregory
28180,null,c0000249,"Earle M. Jorgensen Company, Inc."
28181,null,c0000250,East Hills Veterinary Clinic LLC
28182,null,c0000251,"Economy Tire, Inc."
28183,null,c0000252,Edmonstone & Macmillan LLC
28184,null,c0000253,"Edward D Jones & Co., LP"
28185,null,c0000254,Edwin Anderson Construction Company
28186,null,c0000255,"Ehmke Manufacturing Co., Inc"
28187,null,c0000256,"Eighteen Supplies Company DBA Red Nail Designs, Inc"
28188,null,c0000257,"EIS of Tennessee, Inc."
28189,null,c0000258,Elite D1 Sportz Academy
28190,null,c0000259,"Elizabeth Harris, Susan Ackerman Ross, Susan Buffington, Courtney Parrish"
28191,null,c0000260,"Elliott Auto Supply Co., Inc."
28192,null,c0000261,"Empire Distribution, Inc"
28193,null,c0000262,Empire Equipment Company LLC
28194,null,c0000263,Engineered Recycling Systems LLC
28195,null,c0000264,"Enpro, Inc."
28196,null,c0000265,Equus Now
28197,null,c0000266,"Erie Construction Mid-West, LLC"
28198,null,c0000267,Escape Movement Center
28199,null,c0000268,"Eurofin ANA Laboratories, inc."
28200,null,c0000269,European Motor Cars of Windward LLC
28201,null,c0000270,Event Link
28202,null,c0000271,Examination Management Services
28203,null,c0000272,"Exchange Logistics Warehouse, Ltd."
28204,null,c0000273,EZR Management LLC
28205,null,c0000274,"F.I.N.A.O. Fitness, LLC"
28206,null,c0000275,Falconview Energy Products
28207,null,c0000276,"Falconview Manufacturing, LLC"
28208,null,c0000277,Fancy Sprinkles LLC
28209,null,c0000278,"Farmer Bros, Co."
28210,null,c0000279,Fastenal Company
28211,null,c0000280,Fatima Enterprises dba Hair Club of Men LLC
28212,null,c0000281,"FCX Performance, Inc."
28213,null,c0000282,"Fightingtown Companies, LLC"
28214,null,c0000283,"FinishMaster, Inc."
28215,null,c0000284,"Fitzsimmons Surgical Supply, Inc."
28216,null,c0000285,"Flanagan's Towne Auto Enterprises III, Inc"
28217,null,c0000286,"Flexprint Intermediate, LLC (FTG)"
28218,null,c0000287,Flint Group Packaging Inks North America Corp.
28358,null,c0000288,Flowserve US Inc
28359,null,c0000289,"Fluid System Components, Inc"
28360,null,c0000290,"Flying Fish Brewing Company, LLC"
28361,null,c0000291,"FMS Flooring, LLC"
28362,null,c0000292,"Forestwood Farms, Inc."
28363,null,c0000293,Formations Studio LLC
28364,null,c0000294,Frank Arcuri
28365,null,c0000295,Freeman Schwabe
28366,null,c0000296,Fresenius Medical
28367,null,c0000297,"Fulmer Logistics, LLC"
28368,null,c0000298,Furniture Liquidators of GA Inc
28369,null,c0000299,Future Forwarding Company
28370,null,c0000300,The Sherwin-Williams Company [Parent]
28371,null,c0000301,"G&W Products, LLC."
28372,null,c0000302,"GA Association of Educators, Inc"
28373,null,c0000303,Gaffney-Kroese Electrical Supply Corp.
28374,null,c0000304,Gallagher Bassett Services
28375,null,c0000305,"Galler Foods, Inc."
28376,null,c0000306,Garda CL Atlantic
28377,null,c0000307,GardaWorld fka Whelan Security Co.
28378,null,c0000308,Garden State Lumber Products Corp
28379,null,c0000309,"Garland, LLC"
28380,null,c0000310,"Garrard and Woodside, LLC"
28381,null,c0000311,Gate Precast
28382,null,c0000312,Geico
28383,null,c0000313,"Genuen, LLC"
28384,null,c0000314,Georgia Recycling Solutions LLC
28385,null,c0000315,Glass Inc.
28390,null,c0000316,"Glister, Inc."
28391,null,c0000317,"Global Concentrate, INC."
28392,null,c0000318,Global Power
28393,null,c0000319,"Global Product Sourcing, LLC"
28394,null,c0000320,ORAS EXPRESS LLC
28395,null,c0000321,"GOBRANDS, INC."
28396,null,c0000322,Goldfish Swim School
28397,null,c0000323,"Goldin Auctions, LLC"
28398,null,c0000324,Goldstein & Burton
28399,null,c0000325,"Gossamer Security Solutions, Inc."
28400,null,c0000326,Grapevine Visual Concepts
28401,null,c0000327,"Graphic Works, Inc"
28402,null,c0000328,Great Southern Corporation
28403,null,c0000329,Greg Cannon
28404,null,c0000330,Greif Packaging LLC
28405,null,c0000331,"Gryphon Oilfield Solutions, LLC"
28406,null,c0000332,"GT Supplies, Inc."
28407,null,c0000333,"Guardian Building Products, Inc."
28408,null,c0000334,"Gulf Eagle Supply, Inc"
28409,null,c0000335,G-Way Solutions LLC
28410,null,c0000336,"Gypsum Management and Supply, Inc"
28411,null,c0000337,Hajoca Corporation
28412,null,c0000338,Hanna-Young and Associates Inc.
28413,null,c0000339,Harwood Pallets Services LLC
28414,null,c0000340,"Health Tech Affiliates, Inc."
28415,null,c0000341,"Hearn Industrial Services, inc."
28416,null,c0000342,Heritage Land and Development LLC
28417,null,c0000343,HERR Foods
28418,null,c0000344,Hindman LLC
28419,null,c0000345,"HIS Restoration, LLC"
28420,null,c0000346,"Historic Images, Inc."
28421,null,c0000347,"HIVES AND HONEY COMMERCIAL HOLDINGS, LLC"
28422,null,c0000348,"Hob-Lob, Limited Partnership"
28423,null,c0000349,Hodum Law Office PLLC
28424,null,c0000350,Holy Redeemer Health System
28425,null,c0000351,"Home Store Furniture, Inc."
28426,null,c0000352,"Honeymoon Paper Products, Inc"
28427,null,c0000353,Honeywell
28428,null,c0000354,Hoop Heaven
28429,null,c0000355,"Houston Tents & Events, LLC"
28438,null,c0000356,IEH Auto Parts Auto 10578
28439,null,c0000357,IGM Surfaces LLC
28440,null,c0000358,"IGT Service, LLC"
28441,null,c0000359,"Illinois Mechanical, Inc."
28442,null,c0000360,Image First Atlanta LLC
28443,null,c0000361,"Impact Technologies, Inc"
28444,null,c0000362,Imperial Auto LLC
28445,null,c0000363,Infinite Wireless
28446,null,c0000364,"Inliner Solutions, LLC"
28447,null,c0000365,Innovative Radiology LLC
28448,null,c0000366,"Inpatient Physicians of The Mid-South, PLLC"
28449,null,c0000367,"Insight North America, Inc."
28450,null,c0000368,"Integrated Communication Networks, Inc."
28451,null,c0000369,"IntegriCert, LLC"
28452,null,c0000370,International Central Gospel Church
28453,null,c0000371,"Intersol Industries, Inc."
28454,null,c0000372,"Interwell US, LLC"
28455,null,c0000373,"Inventory & Return Solutions, Inc."
28456,null,c0000374,"J & L Howard, LLC"
28457,null,c0000375,"Jack Daniels Motors, Inc"
28458,null,c0000376,Jackson Supply Company
28459,null,c0000377,Jacobs & Thompson LTD
28460,null,c0000378,"Jade Carpentry Contractors, Inc."
28461,null,c0000379,"Jaguar Power Sports, LLC"
28462,null,c0000380,"James E. Conley, Jr."
28463,null,c0000381,Jamison Construction LLC
28464,null,c0000382,Jana E. Grimmig
28465,null,c0000383,Jeon Fa Trading Inc
28466,null,c0000384,"Jim Robbins & Associates, Inc."
28467,null,c0000385,"JL Services Group, Inc."
28468,null,c0000386,"JL Texas Pallets & Logistics, LLC"
28469,null,c0000387,Joe S Levy M.D. P.C.
28470,null,c0000388,Joel Mosby
28471,null,c0000389,"Joerns, LLC"
28472,null,c0000390,John Tile c/o Juan Trujillo
28473,null,c0000391,Johnson Commercial Properties LLC
28474,null,c0000392,"Johnson Window Films, Inc"
28475,null,c0000393,"JT Thorpe & Sons, Inc."
28476,null,c0000394,"K1 Speed, Inc."
28477,null,c0000395,"KADDAK, LLC"
28478,null,c0000396,Kaizen Martial Arts of NJ
28479,null,c0000397,Kanebridge Corporation
28480,null,c0000398,"Karamu Nutrition Program, Inc."
28481,null,c0000399,KB Sports League
28482,null,c0000400,"KCI, Inc."
28483,null,c0000401,"KDM Signs, Inc."
28484,null,c0000402,"Keller Warehousing & Co-Packaging, LLC"
28485,null,c0000403,Ken Edmundson LLC
28486,null,c0000404,"KenCo Distributors, Inc."
28487,null,c0000405,Ketom Construction d/b/a Southern Press System
28488,null,c0000406,"Kilpatrick, Rea & Associates, PC"
28489,null,c0000407,Kings Management Company
28490,null,c0000408,Kirnland Food Distribution Inc
28491,null,c0000409,"KKSP Precision Machining, LLC"
28492,null,c0000410,"KPower Global Logistics, LLC"
28493,null,c0000411,"KPS Global, LLC"
28494,null,c0000412,"Kradle to Kindergarten, Inc."
28495,null,c0000413,Kreative Displays LLC
28496,null,c0000414,"Kreg Therapeutics, Inc"
28497,null,c0000415,Kroger Limited Partnership I
28498,null,c0000416,"Kyodo Shipping and Trading USA, Corp"
28505,null,c0000417,"L&M Enterprises, Inc."
28506,null,c0000418,L&W Supply Corporation
28507,null,c0000419,Lains Way Volleyball Academy LLC
28508,null,c0000420,Lake Cable LLC
28509,null,c0000421,"Lake Park Logistics, LLC"
28510,null,c0000422,Lambert Chiropractic and Wellness Center-2879 Minola
28511,null,c0000423,"Lanter Distributing, LLC"
28512,null,c0000424,"LCR Embedded Systems, Inc."
28513,null,c0000425,"Leaf Home Enhancements, LLC"
28514,null,c0000426,"Lechuga & Sosa Glass, LLC"
28515,null,c0000427,Leflore Construction LLC
28516,null,c0000428,Leppard Johnson & Associates
28517,null,c0000429,"Liberty Dialysis Runnemede, LLC"
28518,null,c0000430,"Lipshutz Greenblatt, LLC"
28519,null,c0000431,"Listener Brands, Inc."
28520,null,c0000432,"Littler Mendelson, P.C."
28521,null,c0000433,Livestock Nutrition Center LLC
28522,null,c0000434,Li-Way Transfer & Storage Inc
28523,null,c0000435,"Loomis Armored US, LCC"
28524,null,c0000436,"LOS, LLC"
28525,null,c0000437,Lou Wireless LLC
28526,null,c0000438,"LQC Operating, LLC"
28527,null,c0000439,LS Elite LLC
28528,null,c0000440,Lucky River Seafood LLC
28529,null,c0000441,Lukoil North America LLC
28530,null,c0000442,Luneau Technology USA Inc.
28531,null,c0000443,"Luttrell Belting and Supply, Inc."
28532,null,c0000444,"Lyon Cordage and Packaging, Inc."
28850,null,c0000445,Mach 7.4 Inc.
28851,null,c0000446,"Maco Transportation, LLC"
28852,null,c0000447,"MacSERV, LLC"
28853,null,c0000448,"Mail Sort, LTD"
28854,null,c0000449,Man Sports LLC
28855,null,c0000450,Marble Skin Care LLC
28856,null,c0000451,"Mard Cleaners, Inc."
28857,null,c0000452,Maria Tokarev & Avtandil Gognadze
28858,null,c0000453,"Masterbuild Construction, Inc."
28859,null,c0000454,"Material Handling Supply, Inc. (MHS Lift)"
28860,null,c0000455,Maurice Cafe
28861,null,c0000456,"MaxMedia, Inc."
28862,null,c0000457,McKesson Medical-Surigcal INC
28863,null,c0000458,McKinley Packaging Company
28864,null,c0000459,"Mechanical Contractors Association of Memphis, Inc."
28865,null,c0000460,"Mechanics Laundry Service, Incorporated"
28866,null,c0000461,Medical Indicators
28867,null,c0000462,"Melett North America, Inc."
28868,null,c0000463,"Melissa Cueller and Jeffrey Scott Crocoll, dba MT Training Center"
28869,null,c0000464,Melvins Classic Ford Parts Inc.
28870,null,c0000465,Memphis Area Project-South
28871,null,c0000466,Memphis Publishing Company
28872,null,c0000467,Menconi Terrazzo LLC
28873,null,c0000468,Mercury Mechanical Service Corp.
28874,null,c0000469,Metal Pride Inc
28875,null,c0000470,Methodist Healthcare-Memphis Hospitals
28876,null,c0000471,Metro Shutters & Blinds of USA LLC
28877,null,c0000472,Michael and Mark Amagliani
28878,null,c0000473,Michael D. Fay
28879,null,c0000474,Hub Truck Rental Corp.
28880,null,c0000475,Michael Warren
28881,null,c0000476,Michel's Bakery
28882,null,c0000477,Mid Atlantic Roofing Supply Atlanta LLC
28883,null,c0000478,"Mid-South Express Delivery, Inc."
28884,null,c0000479,Mighty Cake Company LLC
28885,null,c0000480,"Mike Hammersmith General Contracting, Inc."
28886,null,c0000481,Mike Sutherland - Serenity Landscape
28887,null,c0000482,MI-KRO Industries
28888,null,c0000483,Milano Foods
28889,null,c0000484,Milk Dessert Bar LLC
28890,null,c0000485,"Millburn Gymnastics, LLC"
28891,null,c0000486,"Miller Road Daycare, LLC"
28892,null,c0000487,"Miner, Ltd."
28893,null,c0000488,Minor Moving LLC
28894,null,c0000489,"MJH Interiors, Inc."
28895,null,c0000490,Modern Equipment Co.
28896,null,c0000491,Momento
28897,null,c0000492,"Montes de Oca, Inc."
28898,null,c0000493,"Motion Industries, Inc."
28899,null,c0000494,Motorvation LLC
28900,null,c0000495,MSI-Viking Gace LLC
28901,null,c0000496,"MTD USA, LLC"
28902,null,c0000497,Mule Extracts LLC
28903,null,c0000498,"Myers Tire Supply Distribution, Inc."
28904,null,c0000499,Nash Productions
28905,null,c0000500,"National Auto Parts Warehouse, LLC"
28913,null,c0000501,"National Corporate Housing, Inc."
28914,null,c0000502,National Fleet Repair Solutions LLC
28915,null,c0000503,"National Oak Distributors, Inc."
28916,null,c0000504,"National Oilwell Varco, LP"
28917,null,c0000505,"Navistar, Inc"
28918,null,c0000506,Nazdar Company
28919,null,c0000507,"NBF Distributions, Inc"
28920,null,c0000508,"NCS Pearson, Inc."
28921,null,c0000509,"ND Industries, Inc"
28922,null,c0000510,"Nelbud, Inc."
28923,null,c0000511,New South Construction Supply LLC
28924,null,c0000512,NexGen Communications
28925,null,c0000513,NGB Investments LLC
28926,null,c0000514,"Nike TN, Inc."
28927,null,c0000515,North American Corp. of Illinois
28928,null,c0000516,North Metro Trucking
28929,null,c0000517,"Northern Safety Co, Inc."
28930,null,c0000518,Northstar Trading LLC
28931,null,c0000519,NSX LLC
28932,null,c0000520,"Oak Drywall Co., Inc."
28933,null,c0000521,"Oakley Industrial Machinery, Inc."
28934,null,c0000522,OEM Accessories  Incorporated
28935,null,c0000523,OHDECA OPCO I LLC
28936,null,c0000524,Ohio Department of Administrative Services
28937,null,c0000525,Ohio Department of Job and Family Services
28938,null,c0000526,"One Ring Networks, Inc"
28939,null,c0000527,Only One Service LLC
28940,null,c0000528,Organic Remedies LLC
28941,null,c0000529,"Ortega Industries and Manufacturing, Corp."
28942,null,c0000530,"Outdoor Cap Cp., Inc."
28943,null,c0000531,Overhead Door Corporation
28944,null,c0000532,P.T. International LLC
28953,null,c0000533,"Pacesetter Steel Service, Inc."
28955,null,c0000534,Packard Forest Products
28956,null,c0000535,PackSmart Inc.
28957,null,c0000536,Panelmatic Texas Inc
28959,null,c0000537,"Panther Technologies, Inc."
28960,null,c0000538,"Paramedics Logistics Operating Co, LLC"
28961,null,c0000539,Parker Harness and Dottie Harness
28962,null,c0000540,Pasia Towing LLC
28963,null,c0000541,"Patient Transport Services, Inc"
28964,null,c0000542,Peach State Portable Storage LLC
28965,null,c0000543,Peirce Phelps LLC.
28966,null,c0000544,Pelton Shepherd Industries Inc
28967,null,c0000545,"Penco Products, Inc."
28968,null,c0000546,"Penn Detroit Diesel Allison, LLC (NES)"
28969,null,c0000547,Pep Boys
28970,null,c0000548,Peter Gaietto & Associates
28971,null,c0000549,"Philadelphia Hardware Group, Inc."
28972,null,c0000550,Philip Franklin Heiliger & Nany Patricia Heiliger
28974,null,c0000551,"Phoenix Pump, Inc"
28978,null,c0000552,Piedmont Law Group of Garcia & Benkert
28980,null,c0000553,Planned Furniture Promotions Inc.
28982,null,c0000554,Plastic Recycling Technology Inc
28983,null,c0000555,Platinum Restoration Inc
28984,null,c0000556,"Poly Gel,LLC"
28985,null,c0000557,"Polytechnic Industries, Inc"
28986,null,c0000558,Postal Service
28987,null,c0000559,"Power Dynamics, Inc"
28988,null,c0000560,Power Home Solar LLC
28989,null,c0000561,"Power Manufacturing, LLC"
28990,null,c0000562,"Premier Packaging, Inc."
28991,null,c0000563,Premium Information Technology
28992,null,c0000564,Primary Care Link LLC
28993,null,c0000565,Prime Prospects
28994,null,c0000566,Prince Minerals LLC
28995,null,c0000567,Private Wealth Managment Inc.
28996,null,c0000568,"Pro Skills Baseball, LLC and JD Fast Pitch, LLC"
28997,null,c0000569,Productive Plastic Inc.
28998,null,c0000570,"Professional Parts Group, LLC"
28999,null,c0000571,"Professional Reconstructive Orthopedics, Inc."
29000,null,c0000572,Promotion Industries
29001,null,c0000573,"Proven Partners Manufacturing, LLC"
29002,null,c0000574,Pulseworks LLC
29003,null,c0000575,Pyramid Food Sales
29004,null,c0000576,City of Charlotte
29005,null,c0000577,Quad Graphics
29006,null,c0000578,"Quality Elevator Products Acquisitions, Inc."
29007,null,c0000579,Quality Incentive Company
29008,null,c0000580,Qualtek Wireline LLC
29009,null,c0000581,"Quantix SCS, LLC"
29010,null,c0000582,"Qwest Air Parts, Inc."
29024,null,c0000583,R.P. Acquisition Corporation
29025,null,c0000584,RainerMed LLC
29026,null,c0000585,Raymond of New Jersey LLC
29027,null,c0000586,"RD Foods America, Inc."
29028,null,c0000587,Red Dot Corporation
29029,null,c0000588,"Residential Enhancements, LLC"
29030,null,c0000589,"Rexel USA, Inc (Gexpro)"
29031,null,c0000590,"Ribbons Express, Inc."
29032,null,c0000591,Rite Rug Co.
29033,null,c0000592,"River Horse, DC, LLC"
29034,null,c0000593,Robert Bosch Automotive Steering LLC
29035,null,c0000594,Robmar Realty Associates
29036,null,c0000595,Rod Lovelace
29037,null,c0000596,"Romanoff Floor Covering, Inc."
29038,null,c0000597,Rory Walker
29039,null,c0000598,Rosen Materials LLC
29040,null,c0000599,Royal Packaging
29041,null,c0000600,RoyalUSA Distribution Inc.
29042,null,c0000601,RPM Truck Parts LLC
29043,null,c0000602,"RS Hughes Company, Inc."
29070,null,c0000603,S Shops LLC
29071,null,c0000604,"Sage GSE Services, LLC"
29072,null,c0000605,Sahni's Enterprises
29073,null,c0000606,"Saig Company of Tennessee, Inc."
29074,null,c0000607,"Samarkand Store, Inc"
29075,null,c0000608,"Sams Appliance Recycling, LLC"
29076,null,c0000609,Sau Ting Cheng
29077,null,c0000610,Schoolseed Foundation successor in interest to Memphis City Schools Foundation
29078,null,c0000611,Sea Air Freight Express Inc
29079,null,c0000612,"Seahorse Technologies, Inc"
29080,null,c0000613,Sealant Engineering
29081,null,c0000614,"Securitas Electronic Supply, Inc."
29082,null,c0000615,Security National Mortgage Corporation
29083,null,c0000616,Selective Enterprises Inc
29084,null,c0000617,"Seminole Wire & Cable Co., Inc."
29085,null,c0000618,"Semperit Industrial Products, Inc."
29086,null,c0000619,"Sentry Wiring Products, LLC"
29087,null,c0000620,"Serenity Restoration, LLC"
29088,null,c0000621,Service Master
29089,null,c0000622,Setzer's and Co. Inc.
29090,null,c0000623,"Sharpest Vision Refractive Surgery, PC"
29091,null,c0000624,"Sharstriji, LLC"
29092,null,c0000625,Shay Matyja and Courtney Matyja
29093,null,c0000626,Shelby County Government on behalf of its
29094,null,c0000627,"Shingle & Gibb Automation, LLC"
29095,null,c0000628,Shook & Fletcher Insulation Co.
29096,null,c0000629,Si Chem LLC
29097,null,c0000630,"Sielox, LLC"
29098,null,c0000631,Siemens Real Estate
29099,null,c0000632,"Sigma Global, Inc."
29100,null,c0000633,"Sigma Marble & Granite-Florida, Inc."
29101,null,c0000634,Sixth City Distribution LLC
29102,null,c0000635,Slaughter Industrial Fabrication Company
29103,null,c0000636,SM Transmissions Inc
29104,null,c0000637,"Smith Pump Company, Inc"
29105,null,c0000638,"Snap Tire, Inc."
29106,null,c0000639,Snyder's of Hanover
29107,null,c0000640,"Sofa and Mattress, Inc."
29108,null,c0000641,SOHANI TRADERS INC
29109,null,c0000642,"Solstice Sleep Products, Inc."
29110,null,c0000643,"Sorroeix, LLC"
29111,null,c0000644,Soul Circus Inc
29112,null,c0000645,"South State, Inc."
29113,null,c0000646,"Southeastern Industrial Tire, LLC"
29114,null,c0000647,Southern Champion Tray L.P.
29115,null,c0000648,Southern Masonry Company
29116,null,c0000649,Southern Pipe & Supply Company Inc
29117,null,c0000650,"Southern Wire, LLC"
29118,null,c0000651,"Southwest ADI, LLC"
29119,null,c0000652,"Sparq1200, LLC"
29120,null,c0000653,Specialized Medical Response Team
29121,null,c0000654,"Specialty Feeds, Inc."
29122,null,c0000655,"Speedy Sales & Services, LLC"
29123,null,c0000656,Sportzone Inc
29124,null,c0000657,Spruill Global Funding LLC
29125,null,c0000658,"SSG, Inc."
29126,null,c0000659,"SSM Industries, LLC"
29127,null,c0000660,"Staffing One, Inc"
29128,null,c0000661,Star Moving and Storage Company
29129,null,c0000662,Stat Medical Disposal Inc.
29130,null,c0000663,"Sterno Products, LLC"
29131,null,c0000664,Steven Schneider
29132,null,c0000665,Stirling Promotions
29133,null,c0000666,"Storopack, Inc."
29134,null,c0000667,Stragistics Technology Inc.
29135,null,c0000668,Streamline Enterprises LLC
29136,null,c0000669,"StruXure Outdoor, LLC"
29137,null,c0000670,Stryker Orthopaedics
29138,null,c0000671,Studio 9Eight
29139,null,c0000672,"STYLEX, INC"
29140,null,c0000673,"Sugaright, LLC"
29141,null,c0000674,"Summit Drilling Company, Inc"
29142,null,c0000675,Sun Badger Solar LLC
29143,null,c0000676,Sunrun Inc.
29144,null,c0000677,Sunshine Solar
29145,null,c0000678,Superior Supply Chain Management Inc
29146,null,c0000679,"Surfaces Construction Group, LLC"
29147,null,c0000680,Syncro Design Works LLC
29148,null,c0000681,Sysco Guest Supply LLC
29229,null,c0000682,TAJA LLC dba East Dallas Diesel
29230,null,c0000683,TB Auctions
29231,null,c0000684,TeamHealth
29232,null,c0000685,"TechnologyLab, LLC"
29233,null,c0000686,Ted I. Jones and Samuel J. Garrett
29234,null,c0000687,"Teijin Aramid USA, Inc."
29235,null,c0000688,"TELETECHSERV GA, LLC"
29236,null,c0000689,"Tenacity Fitness, LLC"
29237,null,c0000690,Tex Sun Shade
29238,null,c0000691,"TexPac Hide & Skin, LTD"
29239,null,c0000692,"The Children and Teenagers Foundation, Inc"
29240,null,c0000693,The Commencement Group Inc
29241,null,c0000694,The Creative Learning Workshop
29242,null,c0000695,The Delaney Hardware Co
29243,null,c0000696,The Gorilla Glue Company LLC
29244,null,c0000697,The ICEE Company
29245,null,c0000698,The Investors Academy Inc
29246,null,c0000699,The Kroger Co
29247,null,c0000700,The Kullman Firm
29248,null,c0000701,The Lamar Group
29249,null,c0000702,"The Moreno Law Firm, LLC"
29250,null,c0000703,The Palm Beach County Supervisor of Elections
29251,null,c0000704,The Printer Inc. (TPI)
29252,null,c0000705,"The Sauers Group, Inc."
29253,null,c0000706,The Terminix International Company
29254,null,c0000707,"Thomas Consultants, Inc."
29255,null,c0000708,Thorpe Products Company
29256,null,c0000709,Thriftmaster Global Holdings INC
29257,null,c0000710,"Tip Tig USA, Inc"
29258,null,c0000711,"TireHub, LLC"
29259,null,c0000712,Titan Solar Power TX Inc
29260,null,c0000713,"T-Mobile Northeast, LLC"
29261,null,c0000714,TomKat & Kreative Displays
29262,null,c0000715,Top Tier All Stars LLC
29263,null,c0000716,"Tormax USA, Inc"
29264,null,c0000717,"TradeForce, Inc"
29265,null,c0000718,Trane U.S. Inc.
29266,null,c0000719,Trang Phanoliver Sign Design LLC
29267,null,c0000720,Transamerica Premier Life Insurance
29268,null,c0000721,Tri State Tire Wholesale and Recycle LLC
29269,null,c0000722,"Trilogy Marketing, Inc."
29270,null,c0000723,"Trimaco, Inc."
29271,null,c0000724,Truesource Home Specialties LLC
29272,null,c0000725,TruGreen LP
29273,null,c0000726,Turbo Systems US Inc.
29274,null,c0000727,"Turknett Associates, Inc"
29275,null,c0000728,Tykables LLC
29276,null,c0000729,"Tyler Technologies, Inc."
29277,null,c0000730,"U.S. Architectural Glass & Metal, Inc."
29278,null,c0000731,"U.S. Electrical Services, Inc."
29279,null,c0000732,U.S. Navy
29280,null,c0000733,"Union City Forklift, Inc."
29281,null,c0000734,United Education Association of Shelby County
29282,null,c0000735,"United Refrigeration, Inc."
29283,null,c0000736,"United Rentals Realty, LLC"
29284,null,c0000737,"United States Technologies, Inc"
29285,null,c0000738,United Supply Industries LLC
29286,null,c0000739,"UST Select, Inc."
29287,null,c0000740,Vanguard Electric LLC
29308,null,c0000741,"Vaughn Marter, Inc."
29309,null,c0000742,VEO Diagnostics
29310,null,c0000743,Victor Manzo
29311,null,c0000744,"Victor Robbins Group, LLC"
29312,null,c0000745,Video Display Corporation
29313,null,c0000746,VIE DE France Yamazaki Inc
29314,null,c0000747,Vigomex Foods Wholesale Inc.
29315,null,c0000748,Vision Technologies LLC
29316,null,c0000749,"Vital Records Control, Inc."
29317,null,c0000750,"Vortex Aviation, LLC"
29318,null,c0000751,"Webtech, INC"
29319,null,c0000752,"Wells Lamont, LLC"
29320,null,c0000753,Werner Aero Services
29321,null,c0000754,WestRock Packaging Systems LLC
29322,null,c0000755,WEX LLC
29323,null,c0000756,"Whippany Athletic Club, LLC"
29324,null,c0000757,Will-Moor School of Gymnastics
29325,null,c0000758,"Wood Image, Inc"
29326,null,c0000759,"Xcision Medical Systems, LLC"
29327,null,c0000760,"XD Industries, Inc."
29328,null,c0000761,Xiancong Huang
29329,null,c0000762,"XPO Last Mile, Inc."
29330,null,c0000763,"XSE Group, Inc."
29331,null,c0000764,"YZER, LLC"
29332,null,c0000765,"Z&A Enterprises, LLC"
29333,null,c0000766,Z.One Concept USA
29334,null,c0000767,Zen Industrial Services LLC
29335,null,c0000768,"Zenith American Solutions, Inc"
29336,null,c0000769,"Zoxou, Inc."
29337,null,c0000770,Ericsson Inc.
29338,null,c0000771,Marcolin U.S.A. Eyewear Corp.
29339,null,c0000772,"Spartan Equity Group, LLC"
29340,null,c0000773,"Associated Pathologists, LLC"
29341,null,c0000774,"An Texas Region Management, Ltd."
29342,null,c0000775,"Biazzo Dairy Products, Inc."
29343,null,c0000776,Central National Gottesman Inc.
29344,null,c0000777,"Doskocil Manufacturing Company, Inc."
29345,null,c0000778,"The CMI Group, Inc."
29346,null,c0000779,"Custom Piping Systems, LLC"
29347,null,c0000780,"Compudata Products, Inc."
29348,null,c0000781,"McMillon Transportation & Logistics, LLC"
29349,null,c0000782,"Top Polymer Enterprise, LLC"
29350,null,c0000783,"Express Home Service Holdings, LLC"
29351,null,c0000784,"Mecklenburg Home Furniture and Mattress, Inc."
29352,null,c0000785,"Blackbeard Marine, Inc."
29353,null,c0000786,"Groundworks Operations, LLC"
29354,null,c0000787,"7-Eleven, Inc."
29355,null,c0000788,"Mitsubishi Electric Trane HVAC US, LLC"
29356,null,c0000789,BKS Industrial Coating LLC
29357,null,c0000790,Redeem Plastics LLC
29358,null,c0000791,A-1 Outlet Store Inc.
29359,null,c0000792,Merritt LLC
29360,null,c0000793,NJ/NY Gotham Football Club LLC
29361,null,c0000794,"Kensington Glass Arts, Inc."
29362,null,c0000795,"Darby Dental Supply, LLC"
29363,null,c0000796,State of Maryland
29364,null,c0000797,"Rademaker USA, LLC"
29365,null,c0000798,"Krishiv Foods, LLC"
29366,null,c0000799,"Ultimate Stone, Inc."
29367,null,c0000800,Mid-America Safety Corporation
29368,null,c0000801,"Benchmark Building Supply, Inc."
29369,null,c0000802,"Direct Cabinet Supply, LLC"
29370,null,c0000803,KJ's Discount Outlet LLC
29371,null,c0000804,"Foreman Turf Specialties, Inc."
29372,null,c0000805,LINCARE INC.
29373,null,c0000806,"Renewed Mind Worship Center, Inc."
29374,null,c0000807,"RAA Fiber, Inc."
29375,null,c0000808,"Club & Cycle, LLC"
29376,null,c0000809,Gorilla Rides LLC
29377,null,c0000810,"J&I Ventures, INC."
29378,null,c0000811,Triple Trading Inc.
29379,null,c0000812,"I-LOG, LLC"
29380,null,c0000813,"Goodman Decorating Co., Inc."
32081,null,c0000814,Atlanta Party Rentals
32082,null,c0000815,Georgia Prop Source
34070,null,c0000816,"Diagnostic Solutions International, LLC"
36815,null,c0000817,"Nephros, Inc."
36817,null,c0000818,"CSM Sport and Entertainment, Inc"
36818,null,c0000819,"Continental Drywall & Insulation, LLC"
36819,null,c0000820,"Fluid Fleet Services, LLC"
36820,null,c0000821,SILA-M LLC
36821,null,c0000822,"Thomas Scientific, LLC"
36822,null,c0000823,"Atlas Packaging, Inc."
36823,47834,c0000824,Clear Channel FL
36824,null,c0000825,"AER Manufacturing, LP"
36825,null,c0000826,"Starwood Motors, LLC"
36826,null,c0000827,"Redline Volleyball, LLC"
36827,null,c0000828,"Wine Retriever, LLC"
36828,null,c0000829,"Consolidated Clothiers, Inc."
36829,null,c0000830,"Worldpac, Inc."
36844,null,c0000831,Unknown - Teal Systems - Wilbanks
36867,null,c0000832,Provo Ventures LLC
36899,null,c0000833,BAR Group LLC
36900,null,c0000834,"Morningday Community Solutions, Inc."
36909,null,c0000835,Biloban Inc.
36931,null,c0000836,"AAAA Office and Warehouse Surplus, Inc."
36932,null,c0000837,"ABCO Garden State, LLC"
36933,null,c0000838,AMG Stone Inc.
36934,null,c0000839,Dematic Corp. LLC [Parent]
36935,null,c0000840,"Best Foot Forward Solution Services, LLC"
36936,null,c0000841,"Dana Safety Supply, Inc."
36937,null,c0000842,Dream Maker Events & Decors LLC
36938,null,c0000843,"Liberty Exchange Group, LLC"
36939,null,c0000844,"Martin Riley Associates Architects, P.C."
36940,null,c0000845,"Miller Environmental Group, Inc."
36941,null,c0000846,National Youth Advocate Program Inc.
36942,null,c0000847,"North America Auto Transportation, LLC"
36943,null,c0000848,PP21 Productions LLC
36944,null,c0000849,Ross Restoration Company LLC
36945,null,c0000850,"KGPCo Services, L.L.C."
36946,null,c0000851,"The McAlear Group, Inc."
36947,null,c0000852,"Tradavo, Inc."
38141,null,c0000853,Gatti-Morrison
43697,null,c0000854,"Volkswagen Group of America, Inc."
44479,null,c0000855,"Gaylor Electric, Inc."
44480,null,c0000856,"Simonik Transportation & Warehousing Group, LLC"
44481,null,c0000857,E & J Hospitality Inc.
44482,null,c0000858,Habegger Corporation
44483,null,c0000859,Public Service Electric and Gas Company
44484,null,c0000860,Stone Select LLC
44485,null,c0000861,Black Walnut LLC
44486,null,c0000862,Inter Chem Trading Corp
44487,null,c0000863,"TA Dispatch, LLC"
44488,null,c0000864,"Marathon Roofing, Inc."
44489,null,c0000865,"Flavine North America, Inc."
44490,null,c0000866,Ashanti Films Inc
44491,null,c0000867,Skala Manufacturing LLC
44492,null,c0000868,Penske Logistics LLC
44493,null,c0000869,"ALLTEL Communications, LLC"
44494,null,c0000870,"cbdMD, Inc."
44495,null,c0000871,Bestnest Inc.
44496,null,c0000872,"Atlas Copco Compressors, LLC"
44497,null,c0000873,"Bates Enterprises, Inc."
44498,null,c0000874,Core & Main LP
44499,null,c0000875,J.S. HELD LLC
44500,null,c0000876,"DASHLINK, INC."
44501,null,c0000877,"Remarkable Food Hospitality, LLC"
44502,null,c0000878,"Lincoln Technical Institute, Inc."
44503,null,c0000879,"Six Thirteen Originals, LLC"
44504,null,c0000880,"American Musical Supply, Inc."
44505,null,c0000881,Alison's Trading Corp.
44506,null,c0000882,"Z&Z Supply Merger Sub, LLC"
44507,null,c0000883,DJ Gym Mahwah LLC
44508,null,c0000884,"VBT Sub 2, LLC"
44509,null,c0000885,"Actives International, L.L.C."
44510,null,c0000886,"Biosil Technologies, Inc."
44511,null,c0000887,"Fuller Enterprise USA, Inc."
44512,null,c0000888,"KFT Fire Trainer, LLC"
44513,null,c0000889,"KingChem Life Science, LLC"
44514,null,c0000890,"PORVEN, LTD."
44515,null,c0000891,"Proximate Concepts, LLC & iNPLANT, LLC"
44516,null,c0000892,"Solid Surface Care, Inc."
44517,null,c0000893,"TBS Controls, LLC"
44518,null,c0000894,"US Med-Equip, LLC"
44519,null,c0000895,"SUMERU, LLC"
44520,null,c0000896,Vitalant
44521,null,c0000897,"CFC Group, LLC"
44522,null,c0000898,Howmedica Osteonics Corp.
44523,null,c0000899,CORMED USA INC.
44524,null,c0000900,Multi-Color Corporation
45860,null,c0000901,"MOVEX USA, Inc."
45862,null,c0000902,Krispy Kreme Donut Corporation
45863,null,c0000903,"Gemcap Investments, LLC"
45864,null,c0000904,"BES Associates, Corp."
45865,null,c0000905,"S and M Transportation, Inc."
45870,null,c0000906,EQUIPMENTSHARE.COM INC
45871,null,c0000907,L.B. Plastics Incorporated
45872,null,c0000908,Brasfield Gorrie
45874,null,c0000909,"BOXMAN STUDIOS, LLC"
45875,null,c0000910,"Christie Lites Orlando, LLC"
46528,null,c0000911,Confidential
46742,null,c0000912,Crown Packaging (MO Corp)
46909,null,c0000913,Cablevision Lightpath LLC
47834,null,c0000914,Clear Channel [Parent]
48701,null,c0000915,USA Family Moving of Atlanta LLC
48702,null,c0000916,Madina Industrial Corp
50933,null,c0000917,IMCD US LLC
50934,null,c0000918,Prime Egrocery Inc
50935,null,c0000919,Krowne Metal Coporation
51832,null,c0000920,Frontier Electric Supply Inc.
51940,null,c0000921,"Dallas Piano Tuners, LLC"
51941,null,c0000922,"Monk Holdings, LLC"
51942,null,c0000923,"Pro-Craft General Contractors, Inc."
51950,null,c0000924,"Best Buy Windows & Siding, LLC"
51951,null,c0000925,"Bobby Levy Construction, Inc."
51952,null,c0000926,"Centurylink Communications, LLC"
51953,null,c0000927,"Classic Agrimed, LLC"
51954,null,c0000928,"CP Strategies, Inc."
51955,null,c0000929,"Jerry Sharp & Holmaleski Holdings, LLC"
51956,null,c0000930,L2P Solutions
51957,null,c0000931,"Polatomic, Inc."
51958,null,c0000932,"Rahima, LLC"
51959,null,c0000933,"TGM, Incorporated"
51960,null,c0000934,"Tri-State Car Wash Supplies, LLC"
51961,null,c0000935,"Vercet, LLC"
51965,null,c0000936,"New WinCup Holdings, Inc."
51969,null,c0000937,"Beverly Knits, Inc."
51971,null,c0000938,Allmetal Inc.
51972,null,c0000939,"Zeus Scientific, Inc."
51987,null,c0000940,Edgardo Padilla dba E.P. Distribution
51990,null,c0000941,"EGL Motors, Inc."
51991,null,c0000942,"Logisteed America, Inc."
51992,null,c0000943,"RK Reeves & Associates, Inc."
52017,null,c0000944,Computechsale
52024,null,c0000945,"NYSE GROUP, INC."
52025,null,c0000946,"Somerset Contractors, LLC"
52026,null,c0000947,"Carnival Day, Inc."
52027,null,c0000948,"Eckart, LLC"
52028,null,c0000949,"A and A Quality Appliance, Inc."
52029,null,c0000950,Aalberts Surface Treatment Corp.
52030,null,c0000951,"Laker Partners, LLC"
52031,null,c0000952,WAB US Corporation
52043,null,c0000953,Jefryn Park Realty LLC
52085,null,c0000954,"MASTERâ€™S, INC."
52100,null,c0000955,"Boston Barricade Company, Inc."
52109,null,c0000956,New York SMSA Limited Partnership
52110,null,c0000957,Unifoil Corporation
52112,null,c0000958,"B & D Industrial, Inc."
52113,null,c0000959,"Mash Enterprise, LLC"
52114,null,c0000960,Byokane (U.S.A.) Corp.
52115,null,c0000961,Centimark Corporation
52116,null,c0000962,"Delta Landscape Supply of Georgia, Inc"
52117,null,c0000963,"Eagle Abrasives, Inc."
52118,null,c0000964,"Jenkins Services and Restoration, Inc."
52122,null,c0000965,"Reliable Restoration, LLC"
53559,null,c0000966,Elevate Northland
53569,null,c0000967,Premio Sausage
53571,28370,c0000968,The Sherwin-Williams Company OH
53574,null,c0000969,USCutter Inc.
53575,null,c0000970,"AALP, LLC"
54340,72582,c0000971,Amazon.com Services LLC FL
54349,null,c0000972,"Midwest Industrial Rubber, Inc."
54372,null,c0000973,"Aluma-Form, Inc."
54401,36934,c0000974,Dematic Corp.
54481,null,c0000975,Bay Insulation of Tennessee Inc.
54482,null,c0000976,"The Juice Plus+ Company, LLC"
54487,null,c0000977,Mueller Streamline Co.
54488,null,c0000978,"Wholesale Glass Distributors, Inc."
54489,null,c0000979,"Roadrunner Transportation Systems, Inc."
54490,null,c0000980,PAS Reform North America LLC
54496,null,c0000981,"Caribbean Shipping Services, Inc."
54497,null,c0000982,"Level 3 Telecom of Tennessee, LLC"
54498,null,c0000983,MVision Trucking LLC
54499,null,c0000984,Arnett Logistics Group LLC
54500,null,c0000985,"All-N-Express, LLC"
54501,null,c0000986,CP Rankin Inc.
54502,null,c0000987,Evoqua Water Technologies LLC
54503,null,c0000988,Kee Pest Control Inc.
54504,null,c0000989,"Precision of New Hampton, Inc."
54505,null,c0000990,"William R. Eubanks Interior Design, Inc."
54520,null,c0000991,"ITR America, LLC"
54530,null,c0000992,"Air-Van, Inc."
54723,null,c0000993,"AJC Logistics, LLC"
55209,null,c0000994,Birner Memphis LLC
55210,null,c0000995,"Network Communications Systems, LLC"
55383,null,c0000996,"La Michoacana Wholesale, Inc."
55443,null,c0000997,Shearer Supply Inc.
55447,null,c0000998,"ASM Assembly Systems, LLC"
55450,null,c0000999,"Worksite Consultants, LLC"
56130,null,c0001000,"Pressmaster, Inc."
